Type,Name
Kutya,Angol Bulldog
Kutya,Tacskó
Kutya,Si-Cu
Macska,Perzsa Macska
Macska,Maine Coon
Macska,Szfinx
Macska,Bengáli Macska
Madár,Énekes Papagáj
Madár,Kanári
Madár,Goffini Kakadu
Madár,Hullámos Papagáj
Madár,Nimfa Papagáj
Hüllő,Gabonasikló
Hüllő,Leopárd Gekkó
Hüllő,Óriás Kígyó
Hüllő,Sisakos Kaméleon
Hüllő,Szakállas Agáma
Hüllő,Görögteknős
Hüllő,Szavanna Varánusz
Rágcsáló,Csukjás Patkámy
Rágcsáló,Csincsilla
Rágcsáló,Törpenyúl
Rágcsáló,Degu
Rágcsáló,Tengerimalac
Rágcsáló,Afrikai Fehérhasú Törpesün
Rágcsáló,Vadászgörény
Díszhal,Pleko
Díszhal,Jég Sügér
Díszhal,Neon Sügér
Díszhal,Fekete Neonhal
Díszhal,Kék Neonhal
Díszhal,Guppi
Díszhal,Diszkoszhal
Díszhal,Repülő Róka
Díszhal,Ramirezi
